Model,Task ID,Split,Overall,Stored Overall,Overall Delta,FLAE,Read.,Insh.,Stru.,TRACE,Vef.,Con.,Cov.,Fid.,MOSAIC,Sem.,Acc.,VQA,Complete,Report Path,Report SHA256,MOSAIC Summary Path,MOSAIC Summary SHA256
Gemini 3.1 Flash Lite,Q0,Research,36.4165,36.416,0.0005,69.326,63.817843,91.392635,58.5,16.5864,0.0,19.111111,40.0,0.0,47.527,38.266986,,38.266986,True,reports/Q0.md,82b98bc7c17bc35aa4602887e58b0fb589aab3d6695c8322b38e8cc4adc11a78,reports/mm/Q0/mm_router_routed/final_summary.json,4ee75a19eb1dc5c70099529a844e618d3fd54016cd30f08cdc97178333cbd326
Gemini 3.1 Flash Lite,Q1,Research,61.0712,61.071,0.0002,67.218,69.538392,81.715647,58.5,54.805,100.0,12.6,40.0,0.0,67.417,61.667162,,61.667162,True,reports/Q1.md,2bef4e4bdd580dd44e60772bc1bbe2d6b3f393aac6aad9a5459971e2c33219b4,reports/mm/Q1/mm_router_routed/final_summary.json,f8668de126d89f9c6ad10db90ee65a994615cd7aaad53a6099b94c928fd96023
Gemini 3.1 Flash Lite,Q2,Research,30.3706,30.371,-0.0004,51.853,77.712638,56.287241,32.5,40.0,100.0,0.0,0.0,100.0,0.0,,,,True,reports/Q2.md,e98468a7c7a67292ad4cc19b6f889db44e92148c55251df5274855158b11ef54,,
Gemini 3.1 Flash Lite,Q3,Research,60.4529,60.453,-0.0001,59.634,57.420882,82.322255,52.0,49.8022,100.0,16.363636,0.0,0.0,78.75,74.999793,,74.999793,True,reports/Q3.md,80fccafc4320620714417113590c8de348846ef886bdabf9b07a8a790e80fefb,reports/mm/Q3/mm_router_routed/final_summary.json,fde3dbee636e935129e1454a8c8d53520bb75b08015e0d32608ba7a12345866f
Gemini 3.1 Flash Lite,Q4,Research,55.9761,55.976,0.0001,66.146,64.111664,97.656123,58.5,47.9806,100.0,8.4,0.0,0.0,62.522,57.564074,80.0,1.474259,True,reports/Q4.md,19ea17c4bd8634d99ce856ef69cdf36b0319d15e9dfc2bfdef810eed10847d3f,reports/mm/Q4/mm_router_routed/final_summary.json,5cd3cc975144fc855fde094d0ddc259c1ac393c15cee94e835d7bd90c5e6a09a
Gemini 3.1 Flash Lite,Q5,Research,52.9357,52.936,-0.0003,65.413,64.961572,94.406123,58.5,45.9562,100.0,9.5,0.0,0.0,56.25,49.999914,100.0,33.333218,True,reports/Q5.md,acbb6ef7da19046a307a2eb845ed5bdbda79110806efc2c0a510302146241fc8,reports/mm/Q5/mm_router_routed/final_summary.json,e71bcd0c37693d465c7daa3f886d37de5b8a4d191d94e006481002a66ebfa546
Gemini 3.1 Flash Lite,Q6,Research,59.9498,59.95,-0.0002,70.506,63.660241,94.406123,61.75,51.3334,100.0,14.75,16.666667,0.0,67.273,62.247767,100.0,56.854591,True,reports/Q6.md,af9755b32f2ad3accb4088ed213671ecee391e1814a12ad78db76f0a592984cc,reports/mm/Q6/mm_router_routed/final_summary.json,0c006024c60011410375986bd9deaadf9dd9e98eb8fc0ae55b97da0bbc0c82a7
Gemini 3.1 Flash Lite,Q8,Research,14.0022,14.002,0.0002,70.011,63.894895,89.405518,61.75,0.0,0.0,0.0,0.0,100.0,0.0,,,,True,reports/Q8.md,a4d617f67bb67e42dc908be466d29d80a9d28f06ba2d8b85b1945e4b4a08cc5f,,
Gemini 3.1 Flash Lite,Q7,Research,46.8063,46.806,0.0003,28.382,6.327589,91.636721,0.0,48.16,100.0,9.0,0.0,0.0,56.833,50.684669,100.0,34.246225,True,reports/Q7.md,a848fc1e9c4f27e9af984d1d7e8fd8a0009f7075d0c31d4d0e1514a20a5167f1,reports/mm/Q7/mm_router_routed/final_summary.json,cd6b6ed90b2f5399fac545e4671750d37fcee45d5d04088dd5aec3d1a928b91d
Gemini 3.1 Flash Lite,Q9,Research,45.5646,45.565,-0.0004,65.958,60.117584,97.072852,58.5,13.2696,0.0,33.6,0.0,24.770642,85.794,83.286848,100.0,79.944218,True,reports/Q9.md,7c1bdb5c38a3bc839d5a3769fad86a8e069a240ecfcae91c3b4ecadcb9a5b9d7,reports/mm/Q9/mm_router_routed/final_summary.json,f7e025cd833d39e81fdd979ecb29291b9acdef70a1cf6ac425c298623412535c
Gemini 3.1 Flash Lite,Q10,Research,57.9,57.9,0.0,57.338,66.820695,80.250628,45.5,46.3648,100.0,3.0,0.0,0.0,77.5,74.999773,100.0,33.332727,True,reports/Q10.md,7dc5dbde8ee126bb2d96a047e31b9a44c2596d4557d0ac5d7922398bd5d7553e,reports/mm/Q10/mm_router_routed/final_summary.json,65e9aa4ca27874f1545ac6f96a4d7e809387e3ac722af4a883e05a154eac481c
Gemini 3.1 Flash Lite,Q12,Research,41.9037,41.904,-0.0003,47.612,58.386372,49.07041,35.75,64.7626,100.0,18.0,40.0,60.0,0.0,,,,True,reports/Q12.md,abb6e35e6e34ddfcd2b0ad3d420e356507e02feaaf4d5890b85f86ff8d62c09a,reports/mm/Q12/mm_router_routed/final_summary.json,270271470991e9d0d97c865fe34280df3cfd34dd6e05b9c123c8c10a045d2681
Gemini 3.1 Flash Lite,Q11,Research,67.2228,67.223,-0.0002,70.688,64.39081,97.072852,61.75,72.6058,100.0,39.75,75.0,50.0,55.941,50.127135,100.0,0.25427,True,reports/Q11.md,524498f5dd46b6a08a88e345908cacd2b280db07b571a6190d2b2db5654e9107,reports/mm/Q11/mm_router_routed/final_summary.json,4995f2154574be8437036999bee122cfb325787c144b35a78cf6f1fc80e6c21f
Gemini 3.1 Flash Lite,Q14,Research,65.0614,65.061,0.0004,69.55,63.265516,97.656123,58.5,64.1602,100.0,42.333333,53.333333,0.0,63.571,57.142925,100.0,0.000158,True,reports/Q14.md,37416ce3774cd0f5a677386a39177363861d9777ca857150b3cff4149e7e51ba,reports/mm/Q14/mm_router_routed/final_summary.json,fbaf181d765cde8ee48c68efacdde2a2be7e586fadefb264d7651d7278f5ab43
Gemini 3.1 Flash Lite,Q13,Research,57.8235,57.824,-0.0005,64.268,60.623552,97.072852,58.5,47.44,100.0,6.0,0.0,0.0,70.833,66.666667,100.0,0.0,True,reports/Q13.md,3b862ef91cda2435254af9a5a6ef521536fec0549b6fe21d2ca2c85f88d0bb6b,reports/mm/Q13/mm_router_routed/final_summary.json,1bedfa0fcebc0bc5a02140bb3358b5a0f34048c38a6bb4c49b7a4f24942c18b9
Gemini 3.1 Flash Lite,Q15,Research,31.2974,31.297,0.0004,45.292,52.534925,49.07041,35.75,7.1904,0.0,9.0,0.0,0.0,62.146,57.146524,100.0,0.008557,True,reports/Q15.md,54a483c6b1904c4f74accb989878d482c3f1cd65e41872a11285256a14a89523,reports/mm/Q15/mm_router_routed/final_summary.json,8f01ad9c5df6458a9a9b9c2ec6b8ca13e5cfc05783d67e4356a468c687b53d97
Gemini 3.1 Flash Lite,Q16,Research,75.485,75.485,0.0,66.942,62.795129,92.655518,55.25,64.1932,100.0,27.2,36.0,53.731343,100.0,100.0,100.0,,True,reports/Q16.md,04183751139a92df8ad5b2b29dd9ab968ef157f138506d002e112136ca7f7f5b,reports/mm/Q16/mm_router_routed/final_summary.json,a790c20a1ffc2ef8c484cf08e26aa4d41aa6e5ad899f55a20fd8d339746b5150
Gemini 3.1 Flash Lite,Q17,Research,46.0665,46.067,-0.0005,69.335,63.409677,96.5,58.5,47.44,100.0,6.0,0.0,0.0,28.265,20.294677,33.333333,0.736692,True,reports/Q17.md,fc28fa5ce20df761257269f4aab7b02f7d14e5d7a64909f6e212846025c4b2ba,reports/mm/Q17/mm_router_routed/final_summary.json,32d850ed4e9886607a6250848239155f817a702f8d7a22445c78c5f1f52646cd
Gemini 3.1 Flash Lite,Q18,Research,55.137,55.137,0.0,65.849,63.570025,98.25,58.5,44.8624,100.0,6.0,0.0,0.0,65.12,60.133336,100.0,0.33334,True,reports/Q18.md,7565b1a9cec71f3c433bd27f8b5a0a899fa68207019ad8e00af8e47b271af7b7,reports/mm/Q18/mm_router_routed/final_summary.json,d6e52bb00beb271bc11ab6ff9d52471a0b83697486d230888321a343b2bc1c4e
Gemini 3.1 Flash Lite,Q19,Research,37.5836,37.584,-0.0004,49.479,43.318625,66.303727,52.0,47.0686,100.0,6.0,0.0,0.0,13.845,1.890854,,1.890854,True,reports/Q19.md,39d5b6839553980c30328729e0cc57b319ed8d272caff883b8ffb75ef715a502,reports/mm/Q19/mm_router_routed/final_summary.json,73bd09e4e8ca111af1db58ef605670c89668b2b40a2830c89b09153e0f55fbe3
Gemini 3.1 Flash Lite,Q20,Research,40.1076,40.108,-0.0004,67.877,66.194545,91.156123,61.75,44.662,100.0,9.0,0.0,0.0,14.004,0.004877,,0.004877,True,reports/Q20.md,06b8adda3b5e41d942bfd35230ebeb5db15a63295764e27260b8778e3f1f002e,reports/mm/Q20/mm_router_routed/final_summary.json,f1ea880c17ee4011866d848b1ec7e09d847cd87937f31f6363933a4142f03490
Gemini 3.1 Flash Lite,Q22,Research,57.8053,57.805,0.0003,59.356,56.11487,70.213494,55.25,47.296,100.0,5.4,0.0,0.0,74.287,71.430525,100.0,0.006839,True,reports/Q22.md,46527de2e1196ffb9c821ed35d3a32d6aa339ba1fe64675ac2cda69e667b4acc,reports/mm/Q22/mm_router_routed/final_summary.json,1329c2ebaefcd63a6ecf1a2f56bbe562b338498f9b1cea56eb3eb1d72f208d8c
Gemini 3.1 Flash Lite,Q21,Research,42.207,42.207,-0.0,49.299,69.124131,58.711053,32.5,15.5022,0.0,16.036364,40.0,0.0,81.987,79.985246,,79.985246,True,reports/Q21.md,f5e1cc6e624dfab365f8818b2e9d63302864c0aa9b87f678dc7b129fa9043d2a,reports/mm/Q21/mm_router_routed/final_summary.json,b8ec118c2def76c92999aa8f6ea200f0f2638cd0d3fadc9605690e9423c412c1
Gemini 3.1 Flash Lite,Q24,Research,46.4671,46.467,0.0001,45.082,52.130498,49.07041,35.75,44.4622,100.0,7.03125,0.0,0.0,50.732,42.877027,100.0,33.356532,True,reports/Q24.md,58626e090c124005b3d7bb5f722b41672b7d9f1d2676a221567e24a870db0dae,reports/mm/Q24/mm_router_routed/final_summary.json,ad7a3b5fd0473da514f1ae82da9d53f4c879aa08aa1ee96cdb55b7fe6b5fb951
Gemini 3.1 Flash Lite,Q23,Research,62.3745,62.374,0.0005,47.096,55.148944,49.07041,35.75,56.7106,100.0,15.652393,32.5,10.331126,82.0,80.0,100.0,0.0,True,reports/Q23.md,c2d7aad61c594369a2df093cddd1439b6a1fc78f438bcf75632708aa46c736e7,reports/mm/Q23/mm_router_routed/final_summary.json,d2a35176aab739be4a295aa29781a68441f5ec343299047600791ea822d171af
Gemini 3.1 Flash Lite,Q26,Research,42.1537,42.154,-0.0003,52.169,61.860791,61.897464,45.5,3.4398,0.0,6.0,0.0,0.0,100.0,100.0,100.0,,True,reports/Q26.md,639befd117be0979ef337a6df1fbc2c31d3f17a8335706afb307e24bfbf67d4c,reports/mm/Q26/mm_router_routed/final_summary.json,89912dfa65dffd113872ae379bd55f3d632744fbacbf58aae2d5263ec5dbb5fe
Gemini 3.1 Flash Lite,Q25,Research,61.4634,61.463,0.0004,66.551,64.24593,97.656123,55.25,49.0858,100.0,12.857143,0.0,0.0,78.701,74.942479,100.0,37.356197,True,reports/Q25.md,a5448445610a7a2ceabbcbee5979a18c48511c08d22e07018125b2a78c2629d4,reports/mm/Q25/mm_router_routed/final_summary.json,ade0ed86c048fe0a4c7158dc6eea981732d80c6d898a9d62bd803a8246e5a27d
Gemini 3.1 Flash Lite,Q28,Research,34.673,34.673,0.0,46.3,54.645901,49.07041,35.75,17.826,0.0,25.666667,33.333333,0.0,55.0,50.0,66.666667,0.0,True,reports/Q28.md,ad9e9888c1b8a30b09ff72709e868803571c244ce5234317f15ba5249af7bd1e,reports/mm/Q28/mm_router_routed/final_summary.json,a48cb0f9f2f08e2c3905c4cf06a0b4796f891655b282cd20ff503b82c195bad7
Gemini 3.1 Flash Lite,Q27,Research,54.1443,54.144,0.0003,44.93,52.926081,49.07041,35.75,56.6218,100.0,21.622222,36.0,0.0,56.158,50.362487,75.0,1.08746,True,reports/Q27.md,2d8bf6aea44219a15c3599402f29d5291f7600bcf4b336e15c6e3c3fe254aca6,reports/mm/Q27/mm_router_routed/final_summary.json,26d66fd53f999a2f2d0c5ad02d6a0869ba90d7e90aed0df639aa71849ab8bb2d
Gemini 3.1 Flash Lite,Q30,Research,55.2115,55.212,-0.0005,64.879,62.527798,79.480588,55.25,47.1856,100.0,4.909091,0.0,0.0,62.143,57.142857,100.0,0.0,True,reports/Q30.md,55c42d7f323c82cd5b6f00d8a80ab249fec444b5e853a54594b4ce6ae6be81b8,reports/mm/Q30/mm_router_routed/final_summary.json,9f4208582826a28eb2cd0f6560819862b184d0a3693e05a9a8a17ced8d9ece7a
Gemini 3.1 Flash Lite,Q29,Research,57.6493,57.649,0.0003,63.715,70.962488,91.781037,52.0,48.3298,100.0,6.033803,13.333333,0.0,69.138,65.65229,100.0,48.478435,True,reports/Q29.md,fdeee8f70791f0c8829d74ad4ca366f9395e3669bbae128ecfa0bd7faa3be63b,reports/mm/Q29/mm_router_routed/final_summary.json,52173b925e9848b4c4617f1a58fe67836d0133c4766e648b9da3aaf4021f6cca
Gemini 3.1 Flash Lite,Q31,Research,64.5204,64.52,0.0004,47.108,57.167137,49.07041,35.75,50.1976,100.0,18.0,0.0,0.0,100.0,100.0,100.0,,True,reports/Q31.md,d0d90b91a7f707afb94bf526f915b768ae8687b5ed695e08dcb8b036b52528bc,reports/mm/Q31/mm_router_routed/final_summary.json,9a534972ffdbd77136679300dc5eeb80da368169d39c8ee73f151d449c5d281d
Gemini 3.1 Flash Lite,Q32,Research,63.9762,63.976,0.0002,44.963,54.731661,58.395227,39.0,49.9672,100.0,15.428571,0.0,0.0,100.0,100.0,100.0,,True,reports/Q32.md,ba8ada64891beb75c09e472b616ced3f88a6cf17e0f3ab0d18ac9b709bdc50a5,reports/mm/Q32/mm_router_routed/final_summary.json,c8aede50a651424df878ca67ceab9c2dc477a8655b6b4001e16cffa3f8429841
Gemini 3.1 Flash Lite,Q33,Research,43.3473,43.347,0.0003,23.657,6.639931,83.094874,0.0,46.1602,100.0,9.0,0.0,0.0,51.786,45.634986,100.0,4.861226,True,reports/Q33.md,9c6742a5a95635fc33e6d9609c91c415135b710b23f92859993c57d25c197798,reports/mm/Q33/mm_router_routed/final_summary.json,d6d3996edbb166e20f33f565ed4439e5c04d345883cbf00502bf2023214c319f
Gemini 3.1 Flash Lite,Q34,Research,48.0374,48.037,0.0004,57.684,57.841442,91.465647,52.0,47.5918,100.0,10.8,0.0,0.0,42.349,35.153231,100.0,9.214524,True,reports/Q34.md,3026e3405bc51a654c0f88ad0ec1506d96555741a4c921f3a542931a6ef377be,reports/mm/Q34/mm_router_routed/final_summary.json,b2df8880b1ea251e38175942a87c51fb25d8fa1674ef74d58f4a0fc8b7827491
Gemini 3.1 Flash Lite,Q35,Research,51.1087,51.109,-0.0003,55.682,60.322471,56.905518,52.0,19.9446,0.0,19.918367,55.0,0.0,100.0,100.0,100.0,,True,reports/Q35.md,8563f41d55c45de575f1cca8637dfe63fa995a82459a0b20eb416c301872a913,reports/mm/Q35/mm_router_routed/final_summary.json,3759c1040a2f65c463fbc2fa570361a62bc2113a6fc9761f08242c9ceb14376b
Gemini 3.1 Flash Lite,Q36,Research,58.6769,58.677,-0.0001,58.569,55.191216,51.696823,58.5,49.24,100.0,13.5,0.0,0.0,74.477,71.640993,100.0,33.828985,True,reports/Q36.md,5901ff38b6a0b7e2df07d41ebd3fe96d191072bb1fa162a8e95eb56ab8f35fcf,reports/mm/Q36/mm_router_routed/final_summary.json,5f7fcf463462667d90a97f3cff65b6edba7aa9f32f1e03e3c452c46c1555bfc9
Gemini 3.1 Flash Lite,Q37,Research,34.1872,34.187,0.0002,70.936,66.67073,100.0,65.0,40.0,100.0,0.0,0.0,100.0,0.0,,,,True,reports/Q37.md,05e62580ef2fef418bd1f9911a79f85c3cd4919d2eef35908c2887f3789555b8,,
Gemini 3.1 Flash Lite,Q38,Research,29.2354,29.235,0.0004,46.177,54.978037,49.07041,35.75,40.0,100.0,0.0,0.0,100.0,0.0,,,,True,reports/Q38.md,099620cf860b6251c952a1b74b3d88c3fbf263e3c7843a2302c4db57eb2aaaa6,,
Gemini 3.1 Flash Lite,Q39,Research,48.1142,48.114,0.0002,73.719,66.857811,99.406665,65.0,47.2402,100.0,13.5,0.0,0.0,32.501,25.000995,50.0,0.001989,True,reports/Q39.md,eebd2d462607bbd8802733b2537a5aa0dcc97b224bb36765e887bf2e6346ea09,reports/mm/Q39/mm_router_routed/final_summary.json,b4ad9bb5344b71f46e9d7e05dd5be5e4eb75a5e3b8df17dc75ac52e3dd8d9520
Gemini 3.1 Flash Lite,Q40,Research,50.3385,50.338,0.0005,63.29,64.568314,97.072852,55.25,46.561,100.0,8.307692,0.0,0.0,48.0,40.0,100.0,0.0,True,reports/Q40.md,0689fdd05a3bfaa68b414d7c7fedf9088e286547408bfb7922e2bcb8c52895d7,reports/mm/Q40/mm_router_routed/final_summary.json,2f90616a343ae4a3092d63771394f330fe7d004e9818a669133e72bacaf83724
Gemini 3.1 Flash Lite,Q41,Research,58.5666,58.567,-0.0004,68.18,63.602538,98.25,58.5,65.716,100.0,22.067692,62.857143,33.275468,40.242,33.602072,0.0,42.00259,True,reports/Q41.md,478c92aca5851e74a28f11edb808131291e1fd9cc03a62814ab9a31d014a9a60,reports/mm/Q41/mm_router_routed/final_summary.json,3724ef0ce5e53dc357cfe442e34c4749376ac062fb5dabb407d57c465c3ce92d
Gemini 3.1 Flash Lite,Q42,Research,34.6319,34.632,-0.0001,33.582,63.622569,97.072852,0.0,49.249,100.0,4.636364,9.230769,16.605166,10.97,1.077593,,1.077593,True,reports/Q42.md,1d09f3fbcfba36efd49a9ec1cddf55936aa14832a9fcc81646ee2841aa68675a,reports/mm/Q42/mm_router_routed/final_summary.json,6fe8e06b514233b617fc3f43043f2ba6df48fe84b0be7120667242a5ef74726a
Gemini 3.1 Flash Lite,Q44,Research,59.187,59.187,0.0,69.281,60.438497,97.072852,61.75,47.662,100.0,9.0,0.0,0.0,71.666,66.665626,,66.665626,True,reports/Q44.md,1b3ad0fcb3bc0ce6f195f89d3c4f95518df8b9c02071b56389909747902816ab,reports/mm/Q44/mm_router_routed/final_summary.json,ce46d8e74263aeac8c8c549ed0d03080107af0f833a19a8c4eaf6f01fa35139e
Gemini 3.1 Flash Lite,Q43,Research,67.9006,67.901,-0.0004,67.621,63.994343,97.072852,61.75,48.7528,100.0,12.0,0.0,0.0,100.0,99.999677,,99.999677,True,reports/Q43.md,62a97dcffa272e5eae05667713da0b4794d40c6af0a1d021f9c313d3e7d32979,reports/mm/Q43/mm_router_routed/final_summary.json,43af2f8140d9be18661dd0dbf548070e194f7ea59910c451b16b6ccf182516a4
Gemini 3.1 Flash Lite,Q45,Research,20.081,20.081,0.0,67.783,67.340927,95.905518,58.5,7.0488,0.0,2.25,0.0,30.0,10.0,0.0,,0.0,True,reports/Q45.md,76bdf7b7f0364697c041d180c489929b6f2592fdee9c6a45c8f8f9eb21866b7e,reports/mm/Q45/mm_router_routed/final_summary.json,21911daed0326e09e87d6565026063eb7b5eee2ba621eb10da8eb12cc84c0b1c
Gemini 3.1 Flash Lite,Q46,Research,48.2523,48.252,0.0003,60.305,61.904488,96.5,52.0,48.5128,100.0,4.105691,10.707071,4.83769,39.783,33.092235,100.0,21.940941,True,reports/Q46.md,923fc958bd72f4239e860c277aa33e03b0acd0a7f10b7e523a3bc91662e55775,reports/mm/Q46/mm_router_routed/final_summary.json,bb05f844b2278ef41a509ee5decf5e51d6f6847ebf8af511de4a9c5753b43cdc
Gemini 3.1 Flash Lite,Q47,Research,56.537,56.537,0.0,70.911,67.045417,100.0,65.0,76.7062,100.0,66.666667,50.0,85.714286,13.339,0.006189,,0.006189,True,reports/Q47.md,1717f04b0476fd93f89040f104147962efc2f83001db6dc763b36de16457ab9f,reports/mm/Q47/mm_router_routed/final_summary.json,cbbcd3c9bbcd720b74fc60d79bae22d261871c188805682b70d6e44172df3251
Gemini 3.1 Flash Lite,Q48,Research,38.102,38.102,0.0,60.31,63.103018,68.715647,58.5,5.7756,0.0,13.5,0.0,0.0,77.174,74.637276,100.0,66.183035,True,reports/Q48.md,b5fd37726293d40b3b5214c755bf31980a0a3629b826fc07f0a8688ba28d83f3,reports/mm/Q48/mm_router_routed/final_summary.json,e2e7285c366a3073920137d68d627fd5955318e893f0283a6419cb7c993533ed
Gemini 3.1 Flash Lite,Q49,Research,31.5344,31.534,0.0004,64.786,75.82026,97.656123,52.0,7.5642,0.0,9.0,0.0,0.0,49.317,40.373105,,40.373105,True,reports/Q49.md,d649d5f5c039b5f8aee98ade9cb2f9b78f96cffad625540bb0b7d3f8cea107e7,reports/mm/Q49/mm_router_routed/final_summary.json,c0b05d468a4845aa086c22a72e5ac6f713586093831ce73fe169362dbbf8437b
Gemini 3.1 Flash Lite,Q50,Research,73.5901,73.59,0.0001,67.003,64.776046,97.072852,58.5,71.374,100.0,43.043478,48.0,66.666667,81.675,79.639059,,79.639059,True,reports/Q50.md,9ec946abb912a3edd7a708fa68b5eb3e468ae0ee2a012d1994ab996d83d018c3,reports/mm/Q50/mm_router_routed/final_summary.json,e4205e20c3133a3bcab3ed5e91702be7222fb99d05a2dd4ee139e0589bb3bf62
Gemini 3.1 Flash Lite,Q51,Research,11.0801,11.08,0.0001,16.219,9.429821,91.636721,0.0,9.6372,0.0,7.2,16.0,0.0,10.059,0.065318,,0.065318,True,reports/Q51.md,97baf4ee8891421b4b41f6df7e3d2f9fde6ef38c7651381ebd2a3d4f71943e82,reports/mm/Q51/mm_router_routed/final_summary.json,a29fe4590912d1084eae5d3c64a0e3323535c5953bc5bb857fd6adf87fd94658
Gemini 3.1 Flash Lite,Q52,Research,56.5086,56.509,-0.0004,63.518,60.656713,97.072852,58.5,48.4504,100.0,12.0,0.0,0.0,65.266,61.406899,,61.406899,True,reports/Q52.md,e8ad68e8fd79cc2e0ce6fc1804ad3c447ac325ae8d911ada461c75e0afe75682,reports/mm/Q52/mm_router_routed/final_summary.json,9ae827d764c770b5b7be562c62266d6f3cecb8ec85a5939b7f2a053be4211ac3
Gemini 3.1 Flash Lite,Q53,Research,54.304,54.304,0.0,62.05,62.234323,95.905518,55.25,41.788,100.0,0.0,0.0,0.0,70.0,66.666667,100.0,0.0,True,reports/Q53.md,6ae04ade230f3419ac0d941c7270fbcf3c266a14d7c9afb371fb842082d28eb1,reports/mm/Q53/mm_router_routed/final_summary.json,ef4c8ab0488dbeccf01b54d31f1df9e49b5749ec5c86fd200e38b83f3fd91cd2
Gemini 3.1 Flash Lite,Q54,Research,49.2966,49.297,-0.0004,62.27,64.049944,96.5,52.0,45.8014,100.0,10.5,0.0,0.0,46.473,39.699615,,39.699615,True,reports/Q54.md,81f26a05621e42d70d5d2facc5c7623baa244fb1b2ebf0b92f50fe02db1957ef,reports/mm/Q54/mm_router_routed/final_summary.json,0d2a97f6df16843c21bf2514c7505f17a9100290850e94866658bc23e1631a5d
Gemini 3.1 Flash Lite,Q55,Research,55.1379,55.138,-0.0001,16.256,6.320819,91.636721,0.0,54.5734,100.0,12.71875,25.0,15.0,82.0,80.0,100.0,0.0,True,reports/Q55.md,09fe6d3ec01e9154ea71003b1cc937288bbcc7f4f693d1fb31295765264fa6e6,reports/mm/Q55/mm_router_routed/final_summary.json,a21fc83eb7c80d459bc07523099e84ffa44ba51b3ab2edaf2d7e8933c418cf9b
Gemini 3.1 Flash Lite,Q57,Research,40.1005,40.1,0.0005,68.224,61.614882,96.5,55.25,46.9114,100.0,14.4,0.0,0.0,10.0,0.0,0.0,,True,reports/Q57.md,3540b7d06dcc01d77db122705a3253ea6eff2bb31faf23491f151e40d9a6318c,reports/mm/Q57/mm_router_routed/final_summary.json,b76ef7073d171e70b9bdc7b0ba0f28e67ed3594e8349fd8a8f40a30480cbb4df
Gemini 3.1 Flash Lite,Q56,Research,65.6853,65.685,0.0003,66.029,66.841976,100.0,58.5,64.078,100.0,41.651613,54.736842,0.0,68.135,64.594805,,64.594805,True,reports/Q56.md,3c2695eccc5d02e9b674b479fafb72ef13bde035809b0f44349d1107188d6a47,reports/mm/Q56/mm_router_routed/final_summary.json,a2c5eba6fd7e09b7b1f0d84e9e4c58c0f68706a56fd60af55d0f64aaca541c34
Gemini 3.1 Flash Lite,Q58,Research,14.9849,14.985,-0.0001,39.394,46.083272,38.812469,39.0,6.2082,0.0,3.0,0.0,0.0,13.34,0.933785,,0.933785,True,reports/Q58.md,6d37bafd683a1328897346f6599d00592d67025897f190f06d860ba0cc5bf9ab,reports/mm/Q58/mm_router_routed/final_summary.json,7c2e046c5296432f444c90f5668c2182723adc28730de47d50f46dde514c7155
Gemini 3.1 Flash Lite,Q59,Research,58.4062,58.406,0.0002,26.932,6.900466,91.636721,0.0,62.0032,100.0,26.852459,42.5,19.78022,73.394,70.437953,100.0,60.583937,True,reports/Q59.md,7ad2d85f79f679aa20dde19142cc33db2213596998ebddff68784a02582aa612,reports/mm/Q59/mm_router_routed/final_summary.json,15c20b8bbb61d219b4ca983454482e277360f0440b88482d03e0734326b4493a
Gemini 3.1 Flash Lite,Q60,Research,54.4568,54.457,-0.0002,71.58,60.478604,100.0,65.0,45.7816,100.0,8.181818,0.0,0.0,57.5,50.0,100.0,0.0,True,reports/Q60.md,16bdb979a63731784252d8198253cc7c6c2defd825bd7670a6130ca6cb25f7ee,reports/mm/Q60/mm_router_routed/final_summary.json,039953d96d6e7dac731c8c890dbb676ced470ba9d1a426a0cf92e9cd8f3ec20f
Gemini 3.1 Flash Lite,Q61,Research,50.7907,50.791,-0.0003,60.877,64.251663,97.072852,52.0,47.2618,100.0,6.545455,0.0,0.0,49.948,42.291721,100.0,3.819536,True,reports/Q61.md,90db1faaef9e1240280c216358331016bcd6213b9dfb06ac3dd213162431e084,reports/mm/Q61/mm_router_routed/final_summary.json,a07fc62ffae339393b599d77129fe19c0e531d4c67ed11c55c9a3128c9dcd66a
Gemini 3.1 Flash Lite,Q62,Research,62.1596,62.16,-0.0004,64.965,62.100619,93.25,58.5,51.8596,100.0,23.75,0.0,0.0,77.456,74.951001,,74.951001,True,reports/Q62.md,270f91f8c31df7b27e0fd23f906721f5272952607cc702ae30aaab2614b4e283,reports/mm/Q62/mm_router_routed/final_summary.json,69ca165f4481c211d79e0e1ec43a0ed92659520e45a675616c465ae033941233
Gemini 3.1 Flash Lite,Q64,Research,33.8634,33.863,0.0004,69.317,65.011544,97.656123,58.5,40.0,100.0,0.0,0.0,100.0,0.0,,,,True,reports/Q64.md,1254c58ea12fe88af0abb972c1374b37977e390dd8428582560d94b5a6da8092,,
Gemini 3.1 Flash Lite,Q63,Research,39.9814,39.981,0.0004,58.129,62.087684,93.822852,32.5,48.16,100.0,9.0,0.0,0.0,14.252,4.724042,,4.724042,True,reports/Q63.md,ccc6515e892db353f7899296ba90fa35e86111a23aea2a9ef7e5f5bc2637f9c6,reports/mm/Q63/mm_router_routed/final_summary.json,103f90601543c3d334aedcc5bc4ba6e6630748d6b1707bd1f3a7a6e77bc8756f
Gemini 3.1 Flash Lite,Q65,Research,51.1095,51.11,-0.0005,60.806,62.224262,97.072852,55.25,56.2894,100.0,16.666667,16.666667,37.5,36.012,28.902664,,28.902664,True,reports/Q65.md,0f6a908fa53c8950bfec146792e0ce2c67eac637af4a1c486dd10a26cc3c26db,reports/mm/Q65/mm_router_routed/final_summary.json,55fc482066c366931c3f59b2682ecdc196e8d5259d74be604f10eb14eab26e1e
Gemini 3.1 Flash Lite,Q67,Research,51.2324,51.232,0.0004,64.575,61.321684,97.656123,58.5,46.5634,100.0,13.5,0.0,0.0,50.119,44.25713,100.0,25.676174,True,reports/Q67.md,708e59a90bcdbe5e9c658b045c79df6da8b74273ce25132194f08a7f36bc17da,reports/mm/Q67/mm_router_routed/final_summary.json,a8c4c1ae3327b66416661fdbca5bdc7a36ee3a2b007d9a937fe82c93215ae679
Gemini 3.1 Flash Lite,Q66,Research,46.3041,46.304,0.0001,55.979,65.07241,58.035497,45.5,48.6316,100.0,11.571429,0.0,0.0,35.975,26.143302,,26.143302,True,reports/Q66.md,19c59516ae292e8ebd0a0baff541f6d70a05fa4bd364730a97544944bb35178f,reports/mm/Q66/mm_router_routed/final_summary.json,d389c5d24e3c6050855b06a1ecab1d6c629f34786c313dcc009e56cede6509e3
Gemini 3.1 Flash Lite,Q68,Research,57.3363,57.336,0.0003,67.751,62.37442,93.822852,58.5,48.592,100.0,10.8,0.0,0.0,64.967,59.960668,100.0,49.950836,True,reports/Q68.md,2251fda866fd1183db343eb74f485a1972127b0c3f93d47eee84f3fb5a7109a6,reports/mm/Q68/mm_router_routed/final_summary.json,4ac7e99a9185017965662e1e85cf2fe025379effaf4d0cae22e2a01bd2c27140
Gemini 3.1 Flash Lite,Q69,Research,48.4077,48.408,-0.0003,61.085,62.01779,96.5,58.5,48.397,100.0,12.375,0.0,0.0,39.974,33.30481,,33.30481,True,reports/Q69.md,1ac576793913065c932aab11321e8907cece677b6cb3a82c8608accf544068f3,reports/mm/Q69/mm_router_routed/final_summary.json,c4118fc9b50f8fbc6cd376415cf50d425f8f19f6390b7c8c51c05de8e955d7a1
Gemini 3.1 Flash Lite,Q71,Research,52.5521,52.552,0.0001,71.847,78.799044,92.655518,58.5,47.566,100.0,8.0,0.0,0.0,47.999,39.998419,,39.998419,True,reports/Q71.md,41e4680f19852b832e6a1593220718ae4e19948603053f36b7c7b5970db3496d,reports/mm/Q71/mm_router_routed/final_summary.json,507e87438964bb51acdb46fb158223fa1e4385303b22d5e27c97b23ea86842f7
Gemini 3.1 Flash Lite,Q70,Research,59.1911,59.191,0.0001,73.203,66.643821,100.0,65.0,59.2948,100.0,29.018315,37.142857,1.350484,49.677,43.159554,,43.159554,True,reports/Q70.md,b9bf87cabd3c57f7ec74301458fc1683096da827d56c63a50f2690f48d6730a2,reports/mm/Q70/mm_router_routed/final_summary.json,07afd409dfce97d5e648af5f330a6402d3807625aefc5ebf123119a5048071a9
Gemini 3.1 Flash Lite,Q72,Research,55.4303,55.43,0.0003,65.61,61.097756,93.822852,55.25,45.166,100.0,6.0,0.0,0.0,65.751,59.730488,100.0,49.66311,True,reports/Q72.md,2365bbe8dc2fb722c4ef1b65543ab3528fd0879a4d16d01f5e39c49054a4cd52,reports/mm/Q72/mm_router_routed/final_summary.json,bb959a41c714eeedc7ec34303183d474ba8e867a0c9265e9b8a033a0541d1463
Gemini 3.1 Flash Lite,Q73,Research,55.8654,55.865,0.0004,70.34,64.121818,96.156665,58.5,50.095,100.0,12.363636,16.666667,0.0,55.833,50.0,33.333333,66.666667,True,reports/Q73.md,b4b6e250e52ca81bf1fecb0902231a7b8df72a6845c9bc15c0d922fb0f1a865e,reports/mm/Q73/mm_router_routed/final_summary.json,7c6c22735f8064a6f8a737d306f244589f7b9034e77d13d846a46218f8fc7049
Gemini 3.1 Flash Lite,Q74,Research,55.8438,55.844,-0.0002,72.767,67.043012,97.072852,61.75,48.442,100.0,12.461538,0.0,0.0,56.898,52.109191,,52.109191,True,reports/Q74.md,a8b500086b58226e8657aeed1e20380af541658826c7712f0cc656e508048d46,reports/mm/Q74/mm_router_routed/final_summary.json,b59713604fbf28979cba2e0e2ba6350ec7f9af19984a9f9d008671703ca52b95
Gemini 3.1 Flash Lite,Q75,Research,71.9319,71.932,-0.0001,69.164,60.80536,97.072852,58.5,56.1982,100.0,19.279476,42.063492,0.0,100.0,100.0,100.0,,True,reports/Q75.md,1f7077b78f7710bab532f858520577b6a6d73391588b91518cd6f406aed7283c,reports/mm/Q75/mm_router_routed/final_summary.json,3610480b786f1b553fc5c1ec687b3fdebdbc02ca1955c4582d9ad68d4eeb9459
Gemini 3.1 Flash Lite,Q77,Research,13.7218,13.722,-0.0002,68.609,61.788817,93.217559,61.75,0.0,0.0,0.0,0.0,100.0,0.0,,,,True,reports/Q77.md,06e0d2d24fbd8c5efbfb72a705d56788801369c36542d26642871d9b1122a190,,
Gemini 3.1 Flash Lite,Q78,Research,33.712,33.712,0.0,68.56,60.971706,97.072852,58.5,40.0,100.0,0.0,0.0,100.0,0.0,,,,True,reports/Q78.md,a81619da0ce45ec0e102d9f331bcbda8953a31329f499e3376782a1090d6baf9,,
Gemini 3.1 Flash Lite,Q79,Research,33.896,33.896,0.0,69.48,65.146829,94.406123,58.5,40.0,100.0,0.0,0.0,100.0,0.0,,,,True,reports/Q79.md,7b0fb05c39eb0ac462b5e00c139c35bbb49f61394b0086399e63eb76e11a3aee,,
Gemini 3.1 Flash Lite,Q76,Research,57.7663,57.766,0.0003,63.61,60.526895,92.072255,58.5,57.0886,100.0,17.169661,33.75,7.686833,55.0,49.99991,,49.99991,True,reports/Q76.md,6aee2106b1f031ef3385beb1121effaf6ee33132798fff49d3feeb5f5c35fb46,reports/mm/Q76/mm_router_routed/final_summary.json,0cdfdac6759468fa46ea379c44e9657860d5d426aef09a33c71f20ce193c2a67
Gemini 3.1 Flash Lite,Q80,Research,46.418,46.418,0.0,25.98,6.898332,90.0,0.0,49.9108,100.0,10.285714,0.0,18.75,54.222,47.284033,100.0,20.92605,True,reports/Q80.md,78a713c5a3230b2e6651666d2bac0982286eec9089f28f8be19a0be0c14db524,reports/mm/Q80/mm_router_routed/final_summary.json,1f8dae4ad9be5b24ff1be08b54e2c379b92de8466cc31eebc8250283765ab2ac
Gemini 3.1 Flash Lite,Q81,Research,57.3066,57.307,-0.0004,71.162,63.989179,94.406123,61.75,48.8614,100.0,13.5,0.0,0.0,62.145,57.145731,100.0,0.006706,True,reports/Q81.md,7e34456804a5d030c29fcc8254fb0fff012ee30c6f3e77d8629bd49e713884a0,reports/mm/Q81/mm_router_routed/final_summary.json,3c5b19cbbbbcbd7ddd9642ae3c2cc2538886c68981b186e438b7657e9ea5e09d
Gemini 3.1 Flash Lite,Q82,Research,33.209,33.209,0.0,66.045,66.86889,92.072255,58.5,40.0,100.0,0.0,0.0,100.0,0.0,,,,True,reports/Q82.md,1ab271c4635542d6a689e8e1b90f880a54713db9f12c3d1cb2fd5f0470801e39,,
Gemini 3.1 Flash Lite,Q83,Research,51.4273,51.427,0.0003,69.019,67.257313,100.0,65.0,47.2138,100.0,5.538462,0.0,0.0,46.722,38.496022,0.0,48.120027,True,reports/Q83.md,3e93d966b36a662758c02cd1b58456ceab849c43bbdce8be1a03d54436efd55d,reports/mm/Q83/mm_router_routed/final_summary.json,cc80bda583cb6871517ca94e6e4ed950df2d59d1ebde8045cfa178607981c5e4
Gemini 3.1 Flash Lite,Q84,Research,44.9861,44.986,0.0001,64.068,54.199476,80.822852,58.5,47.6572,100.0,6.923077,0.0,0.0,27.813,17.014381,100.0,0.417258,True,reports/Q84.md,6f0a16e4fe95ba5f6062edeeaa88def94483e20aea8a33ec17d6c84cf23bfcc2,reports/mm/Q84/mm_router_routed/final_summary.json,382b97576acf6ddb1b5c3330d1ad597fcf83dd185c93a5ddb4b1230d07267099
Gemini 3.1 Flash Lite,Q85,Research,65.4981,65.498,0.0001,16.442,6.366662,100.0,0.0,64.4194,100.0,28.0,40.0,40.0,100.0,100.0,100.0,,True,reports/Q85.md,34141948ba6a774c0a2f95671a5d029bb46c521bfd59e11956ba7a4fe2de019f,reports/mm/Q85/mm_router_routed/final_summary.json,b11924d0bd96e4af939e6a75585f15e7eee83c6583040a7bfa6e423f79ee9202
Gemini 3.1 Flash Lite,Q86,Research,58.263,58.263,0.0,67.661,66.338865,93.5,65.0,56.8618,100.0,19.539749,42.666667,0.0,54.333,49.258474,0.0,59.110169,True,reports/Q86.md,3dd683d481b2ebe3c529eaf9a58fce35dc669e773cec938869e971ef1fe28c87,reports/mm/Q86/mm_router_routed/final_summary.json,34ae4b3ad4b00cfcf3febbac322d5218fcc4940622edb6ee64d009ee58a88a8d
Gemini 3.1 Flash Lite,Q87,Research,46.6376,46.638,-0.0004,65.022,63.6247,96.5,58.5,47.0164,100.0,7.2,0.0,0.0,33.75,25.0,100.0,0.0,True,reports/Q87.md,1f8360900778a777b47b4a363117c93bacbb19a2fea9d170ee30f1a334649a1b,reports/mm/Q87/mm_router_routed/final_summary.json,175ea06b3030ceba2df809b17ef5365e8be9e8a84f86cfb7b3db06ad4cb3a231
Gemini 3.1 Flash Lite,Q88,Research,47.4929,47.493,-0.0001,69.294,66.443712,100.0,65.0,46.321,100.0,10.285714,0.0,0.0,34.912,27.679965,,27.679965,True,reports/Q88.md,4bae0b3473acba6c9222fb78f80eb056a21329d5e4faf596ce505b3c4ab59043,reports/mm/Q88/mm_router_routed/final_summary.json,e233cac721847b36780a5e44b78618f36ddfc8ad1020dd490a8f14cf0fdcf224
Gemini 3.1 Flash Lite,Q89,Research,42.1165,42.116,0.0005,66.283,60.340805,96.5,61.75,49.7758,100.0,16.0,0.0,0.0,13.24,0.282845,0.0,0.353557,True,reports/Q89.md,a56957b173a38a8c54ce78896df8c0842a74b96c98d9b1cfeac5471fb07ebe5e,reports/mm/Q89/mm_router_routed/final_summary.json,8fe479f64076b063146fda43327287d2e2d942fb86a7886d4c7e6c7a4784e712
Gemini 3.1 Flash Lite,Q91,Research,50.239,50.239,0.0,65.56,60.96785,87.322852,58.5,43.0,100.0,0.0,0.0,0.0,52.09,46.766649,,46.766649,True,reports/Q91.md,2ddc1d0180cd938864eaeb882ab9f946cca4ab4a5e06af2a5eaf390ad3549556,reports/mm/Q91/mm_router_routed/final_summary.json,0b05880673fb1a5c485734f42f6b469ecdd28b0485d96189c4dcf801c6685af7
Gemini 3.1 Flash Lite,Q90,Research,73.0305,73.03,0.0005,67.07,59.929148,96.5,58.5,59.233,100.0,21.204918,36.666667,15.361446,100.0,100.0,100.0,,True,reports/Q90.md,dfef7ca35112bd4ee474206e05bf81822e2f5fd5b50a88c8c23ef8d6457275a8,reports/mm/Q90/mm_router_routed/final_summary.json,752836b2b98119c11dd8bd868e1dbc43f5548dcd27f25f7676035891064d14b3
Gemini 3.1 Flash Lite,Q92,Research,55.3627,55.363,-0.0003,62.449,60.677509,92.655518,58.5,43.726,100.0,3.6,0.0,0.0,70.033,66.703202,,66.703202,True,reports/Q92.md,330704e42b3947df09f4186c104e678edd52b50e680ba3e96562e5b278e3f51e,reports/mm/Q92/mm_router_routed/final_summary.json,5c858e7acd6a536f4fd860a0bd5df2180de99cc31b087874fcfa990b23ce5f5e
Gemini 3.1 Flash Lite,Q93,Research,44.2958,44.296,-0.0002,70.668,63.74537,91.156123,61.75,52.0312,100.0,16.013462,25.102881,23.451982,13.822,4.246728,,4.246728,True,reports/Q93.md,283895860735f8993f8b8a2576154eb1869ebc6420048c405430f9fb72eeb9b6,reports/mm/Q93/mm_router_routed/final_summary.json,0c5b368bb402f6920f5c651c5ba3671b4818e76e17b72a985d81dfa6b895af3e
Gemini 3.1 Flash Lite,Q94,Research,45.9768,45.977,-0.0002,73.043,79.701607,94.715647,58.5,44.809,100.0,0.0,0.0,0.0,29.879,20.025787,,20.025787,True,reports/Q94.md,d464837c6e0980b54cc124edbf0a40571ddabd1ad9ed14d2ec2573f81c0dea61,reports/mm/Q94/mm_router_routed/final_summary.json,0032fe679ab2f794d9f9f8b89067bbe87e4941717d9a122110172bb9f9a6e157
Gemini 3.1 Flash Lite,Q96,Research,42.0522,42.052,0.0002,73.388,64.062936,97.072852,61.75,48.7492,100.0,11.454545,0.0,0.0,10.0,0.0,0.0,,True,reports/Q96.md,4bed94b6a5b3c938d0a8c71cd656c06b7facd590794cb02995ca8dd4391ae6ca,reports/mm/Q96/mm_router_routed/final_summary.json,f29de91fb76295bf2fe405da7a8c622ee873788d2a682e63491c060ee621cf3e
Gemini 3.1 Flash Lite,Q95,Research,49.4438,49.444,-0.0002,67.719,60.653827,97.072852,58.5,60.2692,100.0,25.392857,54.545455,11.978221,19.218,10.241952,,10.241952,True,reports/Q95.md,c9fb15eb85c0ec5116d1d83255229a4f84d35ffa66042fc84e55403aeb1b2fe4,reports/mm/Q95/mm_router_routed/final_summary.json,f9e0e9add1e926484c98875f42409670e9b6a5ae81ec31bda9189e21cf628b9a
Gemini 3.1 Flash Lite,Q97,Research,47.8901,47.89,0.0001,67.365,61.720234,97.072852,58.5,44.8348,100.0,4.5,0.0,0.0,39.999,33.331794,,33.331794,True,reports/Q97.md,591b4174e885991dbbcd5d07ed249068469400058adb6da40acbf5142347c6e9,reports/mm/Q97/mm_router_routed/final_summary.json,54b4d016cfcdacab936c93f487d59bbbf071d409a054a82dfee4cf6207098a4a
Gemini 3.1 Flash Lite,Q98,Research,64.6496,64.65,-0.0004,67.116,64.512182,97.656123,58.5,42.4528,100.0,2.25,0.0,0.0,100.0,100.0,,100.0,True,reports/Q98.md,e087e51d1314664b5e9690896b8f4cc1a1e8c5cffb667fe2f5121520b741317c,reports/mm/Q98/mm_router_routed/final_summary.json,cc3cb23860698a09c4fee073d80451ffb1fda081b1f62a193e4c7023ef5244fa
Gemini 3.1 Flash Lite,Q100,Daily,31.3482,31.348,0.0002,56.741,64.18066,84.711053,45.5,40.0,100.0,0.0,0.0,100.0,0.0,,,,True,reports/Q100.md,8c272d20933de9b571ae9f3fc5564a1dd7fa74de3e5b24adb79c03af72d019cf,,
Gemini 3.1 Flash Lite,Q101,Daily,33.8596,33.86,-0.0004,69.298,60.20188,96.5,58.5,40.0,100.0,0.0,0.0,100.0,0.0,,,,True,reports/Q101.md,45bf414a9087a206cff624619e8c14d9c1ba08c554b389061b3968dde9601ad7,,
Gemini 3.1 Flash Lite,Q99,Research,53.1595,53.16,-0.0005,66.952,60.934932,90.572852,58.5,46.5382,100.0,3.0,0.0,0.0,55.0,50.0,,50.0,True,reports/Q99.md,54b798f2c13a7904335eec1d368953b458eaa93210570a8cbf63fe9621eff6e3,reports/mm/Q99/mm_router_routed/final_summary.json,7f14d4b890533caadb4ce086f3237ae55151c9065b2e6ebe0c8185496bbdba97
Gemini 3.1 Flash Lite,Q102,Daily,68.0429,68.043,-0.0001,71.907,67.442707,97.656123,58.5,57.5506,100.0,20.7,33.777778,12.307601,82.954,80.671137,100.0,22.684547,True,reports/Q102.md,f652fe790f85f167b8afad32ee0c04a47aeb8d6c38cb521ae04c7f483021871d,reports/mm/Q102/mm_router_routed/final_summary.json,b005b0747d0fdbb257c36c86fb2799c369617c4bfcf97d1e159021595a63005e
Gemini 3.1 Flash Lite,Q103,Daily,61.0618,61.062,-0.0002,64.903,59.628438,92.655518,52.0,49.6624,100.0,13.5,0.0,0.0,77.5,75.0,100.0,0.0,True,reports/Q103.md,8a601ab720570f1c771af1d5a0f272b249308b7864616d1a7d0ad98c07a6d846,reports/mm/Q103/mm_router_routed/final_summary.json,ce03b9e243f04e170b3502e7ad7d5a860a0701de101d9d9cd042e5bd31006340
Gemini 3.1 Flash Lite,Q105,Daily,48.5642,48.564,0.0002,62.58,58.161044,92.072255,52.0,47.0962,100.0,8.0,0.0,0.0,41.667,33.333333,100.0,0.0,True,reports/Q105.md,4aa9a4dbe045b3eee7fdf0fc2fe006e45ef9782256d461188a00d0540d0c59e2,reports/mm/Q105/mm_router_routed/final_summary.json,c3c43d051aa6d83c1a1b1cb4399031fa4875ea064fb25ea22784a7db7a7817f9
Gemini 3.1 Flash Lite,Q104,Daily,46.2738,46.274,-0.0002,66.974,62.256762,92.655518,52.0,52.8118,100.0,19.150485,42.0,0.0,21.577,7.738159,,7.738159,True,reports/Q104.md,09499a842f3648e9cf58f8b4fdf5de2fb5840c2cbd0d77762541b080ae06181f,reports/mm/Q104/mm_router_routed/final_summary.json,fb80880c810f42471af5ed9a0d5bd7e7f4c440a68e6d3f2e137fe5ffb8817c60
Gemini 3.1 Flash Lite,Q106,Daily,63.6498,63.65,-0.0002,45.401,53.159377,49.07041,35.75,49.1968,100.0,14.4,0.0,0.0,99.904,99.887255,,99.887255,True,reports/Q106.md,cb7d4c82689c61f75b3e26584f74333f404b1bde229a908f65ac370369f7beec,reports/mm/Q106/mm_router_routed/final_summary.json,093591f849f30e7dc75c2fb8de4bdf04a755e4f236deb3c1f62f64304e30c31a
Gemini 3.1 Flash Lite,Q107,Daily,63.1556,63.156,-0.0004,43.149,38.735598,88.980888,36.0,49.0516,100.0,15.0,0.0,0.0,100.0,100.0,100.0,,True,reports/Q107.md,ddd34b11ababfbd04380de1fe896cd2144ac194d5c1b2a2bda0c49b8ac417736,reports/mm/Q107/mm_router_routed/final_summary.json,b07460dcdcbc09374cae5d67b0331edad7548174970706ff3fed5415e6a293ab
Gemini 3.1 Flash Lite,Q109,Daily,29.8952,29.895,0.0002,49.476,40.985994,89.981009,36.0,40.0,100.0,0.0,0.0,100.0,0.0,,,,True,reports/Q109.md,21331c0059fc4ba1994ace3b92efbd5fbcb839976b5af5a2b36696b1a50713b2,,
Gemini 3.1 Flash Lite,Q108,Daily,59.0266,59.027,-0.0004,55.144,38.556436,94.982033,40.0,56.3956,100.0,19.791304,40.40404,0.0,66.0,60.0,,60.0,True,reports/Q108.md,779c7a6208525a2154bf56f4891f3d59ea0b1f48f608608155abf8cf336e19e0,reports/mm/Q108/mm_router_routed/final_summary.json,56aa4fefd756359ac546239a43dc597593067e3d36b89b28930aa0efee189050
Gemini 3.1 Flash Lite,Q110,Daily,70.7731,70.773,0.0001,67.909,60.438399,93.25,58.5,54.3826,100.0,16.025316,26.153846,0.0,100.0,100.0,100.0,,True,reports/Q110.md,73e0b6d1d1892bd26b3df5f9098996979e845c87de13f0354fca2c4f22d31c85,reports/mm/Q110/mm_router_routed/final_summary.json,e30807abc87ba812417341028838213149183782d5b1a5cb6d65d7f8cc89a40e
Gemini 3.1 Flash Lite,Q111,Daily,17.8844,17.884,0.0004,49.879,37.577115,88.941108,36.0,8.3172,0.0,12.6,0.0,0.0,12.5,0.0,,0.0,True,reports/Q111.md,efa642ffbbe0dfcf54dfca50fb58c85bbb645e8ede6bef55b7ac0fbfca6f0aec,reports/mm/Q111/mm_router_routed/final_summary.json,6447b44bb50ad06c944eb5cbd254e891af6db8fd0241d2679c10838145cf0b02
Gemini 3.1 Flash Lite,Q113,Daily,67.8033,67.803,0.0003,60.347,57.169158,82.322255,58.5,51.4678,100.0,10.8,24.0,0.0,100.0,100.0,100.0,,True,reports/Q113.md,22aa2b73ded96facb321b4f71cbe10ea2699b0ee8f30f80130e93c3bc697bfd5,reports/mm/Q113/mm_router_routed/final_summary.json,46ffd3d840bee053a684bf86cfaa4bd66f208fb10b93ebbabb6230fedd0a1729
Gemini 3.1 Flash Lite,Q112,Daily,51.8818,51.882,-0.0002,20.854,6.561596,66.943295,0.0,44.3644,100.0,0.0,0.0,0.0,85.096,83.439482,100.0,33.757926,True,reports/Q112.md,d69f015e7242823dae55b31675c3b16400da1c326da4fa6b71ac4fca75e271ae,reports/mm/Q112/mm_router_routed/final_summary.json,217e26328f9df47c9d29cd9913eab0f28e9034f6f9a3c90ec027dbc83a6eba5b
Gemini 3.1 Flash Lite,Q114,Daily,30.0438,30.044,-0.0002,50.219,56.271146,60.3534,45.5,40.0,100.0,0.0,0.0,100.0,0.0,,,,True,reports/Q114.md,cd402bc3198b6723b0e75ea8fd4b0ceb30f61ff6680c0ef35b497a6c2dfea0be,,
Gemini 3.1 Flash Lite,Q116,Daily,32.9634,32.963,0.0004,64.817,57.430308,94.083206,58.5,40.0,100.0,0.0,0.0,100.0,0.0,,,,True,reports/Q116.md,56b861008f46bf8a769b1ec647aeb5b29b803c2e4616576ca3887e2fab5a58a4,,
Gemini 3.1 Flash Lite,Q115,Daily,58.6497,58.65,-0.0003,47.093,43.170049,87.981009,36.0,51.2632,100.0,10.8,19.636364,0.0,78.665,74.900367,,74.900367,True,reports/Q115.md,2b45c65f2e30c6e068b974c6704e4cc2d8916a330022279cf71db5a3ec35ccc9,reports/mm/Q115/mm_router_routed/final_summary.json,9228f4a22794d212905306016e200012eb8f81f73cd578e761079e9f52fb8db8
Gemini 3.1 Flash Lite,Q117,Daily,56.1742,56.174,0.0002,18.127,9.118181,36.822255,13.0,45.0976,100.0,11.076923,0.0,0.0,100.0,100.0,100.0,,True,reports/Q117.md,a4fdc1f24c575457b09b6df3489e7a701f7f39ec5b90946219806b08ce21ae9a,reports/mm/Q117/mm_router_routed/final_summary.json,650634f2016d357dcaae18f60ad21f0dab8a25316afa878121b8b1a1cd5c62c9
Gemini 3.1 Flash Lite,Q119,Daily,31.6553,31.655,0.0003,17.037,18.600311,83.203353,0.0,48.994,100.0,14.0,0.0,0.0,12.503,0.003886,,0.003886,True,reports/Q119.md,47b07b5f7d9c519b73b80c0f6db63e98763b0fb683ef87dd145b29c158c9e546,reports/mm/Q119/mm_router_routed/final_summary.json,e046b85345e8ed9586e0c5951650e9d91c00eddf8d9819f577e6b920f929be44
Gemini 3.1 Flash Lite,Q120,Daily,33.2342,33.234,0.0002,66.171,61.47614,93.25,58.5,40.0,100.0,0.0,0.0,100.0,0.0,,,,True,reports/Q120.md,86516b39428374a7335d57d8bfa80d2807e9c1eaf0f3ef3a811ffc10ade15c2f,,
Gemini 3.1 Flash Lite,Q118,Daily,71.7212,71.721,0.0002,42.807,38.595869,89.981009,36.0,66.3196,100.0,36.920223,60.247934,28.133992,100.0,100.0,100.0,,True,reports/Q118.md,06f1a4c4b9fef8622d0b8db22bbd1c6c004c9f9e5d2195aecaea6b1ffb8198f1,reports/mm/Q118/mm_router_routed/final_summary.json,26797d4415833086474ec704b9a5bdd494c1f00cb23bd7ea94541456aa0b2eb1
Gemini 3.1 Flash Lite,Q121,Daily,50.2095,50.21,-0.0005,48.29,54.490289,87.621564,32.5,47.2588,100.0,10.5,0.0,0.0,56.407,50.181645,100.0,33.575527,True,reports/Q121.md,ef0c3218bb91f0d986a0679b6dc496543976571d6771cf0a35be72d6c02ba9b2,reports/mm/Q121/mm_router_routed/final_summary.json,afd4bbde1c805319d4ebcc103a0c4e4e7d94f5dbdf6992050215cdc3fb064e1f
Gemini 3.1 Flash Lite,Q122,Daily,20.824,20.824,0.0,59.777,55.132863,86.3534,52.0,2.7102,0.0,3.6,0.0,0.0,25.045,16.71612,100.0,0.059344,True,reports/Q122.md,c6efe9551f0783962e92759f5c01263ccaa750ed6e6fc04d4f6fc6c27269a442,reports/mm/Q122/mm_router_routed/final_summary.json,06f4ded2efd98194d026c0e2a54231707fe4cacb5519d317f07c8d9bef760b31
Gemini 3.1 Flash Lite,Q124,Daily,65.9683,65.968,0.0003,56.941,58.760007,91.465647,52.0,49.1644,100.0,15.428571,0.0,0.0,99.993,99.991428,,99.991428,True,reports/Q124.md,d16fa0a094717a8a408e437f39f9b07208ba6f96a3c99f5a6f7c8d7abd17fa1e,reports/mm/Q124/mm_router_routed/final_summary.json,1f1bc936952d5d45f719e2d0751ea475c223483dcb5c6310effad89b9be7d742
Gemini 3.1 Flash Lite,Q123,Daily,51.1893,51.189,0.0003,51.027,39.91245,94.982033,32.0,21.9678,0.0,17.83871,35.041322,39.638387,100.0,100.0,100.0,,True,reports/Q123.md,2729e2d9412bf11fbb51f4f026fa4156b0114406553bd919378dd1ac5c3f5121,reports/mm/Q123/mm_router_routed/final_summary.json,c41aea17b2ac243e4fec9db3fcc9b710a2de84a2393b32d0f6842e5aba8a49af
Gemini 3.1 Flash Lite,Q126,Daily,40.399,40.399,-0.0,66.817,67.196315,81.715647,58.5,46.7566,100.0,10.285714,0.0,0.0,12.191,0.212194,,0.212194,True,reports/Q126.md,20c3c91f7633344fcbd1142c61a23364c03bc401238c1074da89be114378974d,reports/mm/Q126/mm_router_routed/final_summary.json,362dbfe624e7014e1f5a4772d185b96c6577f1b68010d94025f1b19c16f2f2d3
Gemini 3.1 Flash Lite,Q125,Daily,71.234,71.234,0.0,60.147,75.419051,40.06,40.0,58.4092,100.0,23.285714,30.649351,33.333333,100.0,100.0,100.0,,True,reports/Q125.md,5917029e8d16c5c0daf2d57abf6a56ce6ea646c0cdd5dd79491121d623991012,reports/mm/Q125/mm_router_routed/final_summary.json,ca58bc3a81efb9bf278e02f8edd7b2d077caa1fe0ab3b8965868e3a296d54677
Gemini 3.1 Flash Lite,Q127,Daily,32.0618,32.062,-0.0002,60.309,59.596744,87.071586,45.5,40.0,100.0,0.0,0.0,100.0,0.0,,,,True,reports/Q127.md,32d174f43ee543d67ac656b0ff89e9ee2557df5bd441442a71e31eb7cfe8dc48,,
Gemini 3.1 Flash Lite,Q128,Daily,35.1376,35.138,-0.0004,65.509,60.582831,90.572852,55.25,44.0716,100.0,16.2,0.0,0.0,0.0,,,,True,reports/Q128.md,21b0343905173c87be6bf6507b47862b4adb6795c9653acc3b13d5b939eca7fa,reports/mm/Q128/mm_router_routed/final_summary.json,4029ed06f83dd3571c38c1d3619ec5e6dc9bead9968f7c2d939b457ba9036686
Gemini 3.1 Flash Lite,Q129,Daily,29.6678,29.668,-0.0002,65.743,61.043032,93.25,58.5,8.0382,0.0,14.4,0.0,0.0,41.667,33.333333,100.0,0.0,True,reports/Q129.md,670cbe90c7ee23f51196563dd96cccd4cb3fccadb3a169143ebc20904aab5c6c,reports/mm/Q129/mm_router_routed/final_summary.json,6b5caa2f1ec2b3d5e22ed593faf386ecb80e211245aa44cca428dbd50fcf4369
Gemini 3.1 Flash Lite,Q131,Daily,65.9437,65.944,-0.0003,58.828,46.702294,90.982033,38.0,49.0636,100.0,18.0,32.727273,0.0,98.821,98.612548,,98.612548,True,reports/Q131.md,fb70b1bb48396bb5966c91ef9d4904a34b398eaaf363e8640a437cbc36f63182,reports/mm/Q131/mm_router_routed/final_summary.json,748fd844e194fb09216ee4112fdbe6f934282b12f6c14bda79f5e4e5cbff0fb6
Gemini 3.1 Flash Lite,Q130,Daily,32.1494,32.149,0.0004,25.296,7.967967,55.981009,16.0,45.9304,100.0,11.571429,0.0,0.0,13.75,0.0,,0.0,True,reports/Q130.md,2248605985664b47623f80a54375b5d3876b938fe82043bc313d3b07c6d3da00,reports/mm/Q130/mm_router_routed/final_summary.json,25259b593e0d87834ae21300b8ce2e5c8f13570e712703e2865544a8ff0f7651
Gemini 3.1 Flash Lite,Q133,Daily,33.4268,33.427,-0.0002,67.134,64.858073,90.0,58.5,40.0,100.0,0.0,0.0,100.0,0.0,,,,True,reports/Q133.md,cbdc02be1b9be5cf8065c7dd4a8aa84d3ea00336aaa342b4a63c994b8b4506a8,,
Gemini 3.1 Flash Lite,Q132,Daily,55.1289,55.129,-0.0001,56.921,64.70218,67.0,58.5,52.9894,100.0,18.154525,24.0,7.888805,57.5,50.0,,50.0,True,reports/Q132.md,d202c7486afc606d077ca7c156dfc4e8fc88265fcb07e934416c72f972a7ff82,reports/mm/Q132/mm_router_routed/final_summary.json,9a93f1c5a8cc2eeaf1e3c8b57e669d0074466a3f57da9ec6b0be38ffbef32e46
Gemini 3.1 Flash Lite,Q134,Daily,67.8796,67.88,-0.0004,47.641,41.719648,94.0,40.0,56.7028,100.0,18.882353,26.942149,23.076923,100.0,100.0,100.0,,True,reports/Q134.md,d226e8ee1af0e106f9bca28cba2169a390f6ac8ea900100ac04c02f287d10d29,reports/mm/Q134/mm_router_routed/final_summary.json,7f119e8c691a775ce2ae99db2f8a8ab9291642deb92e265a5e57dec06fa5fd08
Gemini 3.1 Flash Lite,Q135,Daily,61.7931,61.793,0.0001,65.876,57.173621,90.321586,58.5,50.7358,100.0,8.756757,20.0,0.0,77.5,75.0,100.0,0.0,True,reports/Q135.md,1441da50fabdeb7a45f67f7c216ab9eb95590306c0d74e0f74816011939f2356,reports/mm/Q135/mm_router_routed/final_summary.json,cab941651db0e9cd144439303502fdbce1a93744dc62974e5d0089ead2279432
Gemini 3.1 Flash Lite,Q137,Daily,40.6759,40.676,-0.0001,66.241,60.687333,90.0,58.5,46.8202,100.0,6.923077,0.0,0.0,13.392,1.048976,,1.048976,True,reports/Q137.md,7f4444a664cbfd52aa3c04d984e3c2bf7c9708e2ebaf509806d0d2c317c88166,reports/mm/Q137/mm_router_routed/final_summary.json,66968f9e33661d8d404bf53b60f5ed95dabc370f0ca7b2ad2ce09320fa7df718
Gemini 3.1 Flash Lite,Q136,Daily,70.1546,70.155,-0.0004,68.442,63.675225,89.405518,58.5,61.9324,100.0,27.45,40.0,21.290323,85.0,83.333333,100.0,0.0,True,reports/Q136.md,98519a298e48513ebfaf347fbf98c1b562de47ad3e51c0f4ca60c6518b9e13fd,reports/mm/Q136/mm_router_routed/final_summary.json,5cb59cafd0519e58c1bd7e833c81007e5fd6f19b99891ce55704b4c8ec223529
Gemini 3.1 Flash Lite,Q138,Daily,33.5408,33.541,-0.0002,67.704,60.530799,93.25,58.5,40.0,100.0,0.0,0.0,100.0,0.0,,,,True,reports/Q138.md,ff73ab41e497d786e995bb2fd04321e520b67f3ff1817ace3b2ce84dce6e8509,,
Gemini 3.1 Flash Lite,Q139,Daily,42.4249,42.425,-0.0001,55.42,57.829363,92.072255,58.5,46.1242,100.0,13.5,0.0,0.0,27.596,18.739999,,18.739999,True,reports/Q139.md,f70fa4d703b38dd99b8c6399a8622db32dd8198561642f3de070a8dff2a69c33,reports/mm/Q139/mm_router_routed/final_summary.json,b0a6adef06db8ce0075f84a66fa031d6b1e24b41b2feaface0a66a7d1966d1ea
